S,B,is_validation,status,stage,latency,memory,energy,flops_reference,energy_error,free_bytes_before,energy_passes,energy_duration,energy_method
224,64,False,OK,done,0.015188472000033926,335904768,1.0729250000000001,56904407296,,15504048128,200,3.030869337000013,nvml_counter
272,256,True,OK,done,0.14075586950002617,1761968128,9.572766666666666,335581766656,,15472590848,30,4.240771735000067,nvml_counter
64,56,True,OK,done,0.001129278500059172,29327360,0.08843605150214592,4080733664,,15472590848,2330,3.0061357810000118,nvml_counter
80,56,True,OK,done,0.0020120544999713275,38100992,0.14700857142857143,6366264800,,15472590848,1400,3.003219285,nvml_counter
272,16,True,OK,done,0.005971775999967122,125280256,0.39422115384615386,20973860416,,15472590848,520,3.0542593340001076,nvml_counter
400,128,True,OK,done,0.15470894499998167,1948557312,10.530100000000001,362822873600,,15472590848,20,3.140764802000035,nvml_counter
224,56,True,OK,done,0.014982212500058267,320995328,1.063485,49791356384,,15472590848,200,3.0382938000000195,nvml_counter
512,64,False,OK,done,0.08091003399999863,1553596416,5.455299999999999,297211681024,,15472590848,40,3.2453262940000513,nvml_counter
256,16,False,OK,done,0.0054455265000115105,119316480,0.3732875,18579494464,,15472590848,560,3.024442381999961,nvml_counter
80,4,True,OK,done,0.0005448439999895527,25235456,0.03553056994818653,454733200,,15472590848,5790,3.00143455500006,nvml_counter
128,64,False,OK,done,0.005798118999962298,119316480,0.3805849056603774,18594552064,,15472590848,530,3.039243768999995,nvml_counter
80,8,True,OK,done,0.0005333974999643942,18752000,0.04008484251968504,909466400,,15472590848,5080,3.001731929000016,nvml_counter
128,256,False,OK,done,0.03280791750000844,431923200,2.257277777777778,74378208256,,15472590848,90,3.0049629380000624,nvml_counter
32,16,False,OK,done,0.0005642455000156588,14843904,0.027843371757925072,295245376,,15472590848,6940,3.0016135189999886,nvml_counter
384,4,False,OK,done,0.003451068000003943,53837824,0.21520444444444445,10449397136,,15472590848,900,3.0032494560000487,nvml_counter
384,29,True,OK,done,0.023056824999969194,421122048,1.5502615384615384,75758129236,,15472590848,130,3.008509237999988,nvml_counter
128,1,False,OK,done,0.0006061595000232955,24412160,0.04021923076923077,290539876,,15472590848,4940,3.0044500489999564,nvml_counter
272,128,True,OK,done,0.08031253500001867,887660544,5.5146999999999995,167790883328,,15472590848,40,3.2411202279999998,nvml_counter
128,16,False,OK,done,0.001485565499990571,32210944,0.10516153846153846,4648638016,,15472590848,1820,3.009853291000013,nvml_counter
256,4,False,OK,done,0.0014329879999763762,32210944,0.1068881081081081,4644873616,,15472590848,1850,3.014734537000095,nvml_counter
64,32,False,OK,done,0.0008077985000340959,22642688,0.06443548387096774,2331847808,,15472590848,3100,3.0068286669999225,nvml_counter
32,179,True,OK,done,0.0032935975000327744,76743168,0.21715604395604396,3303057644,,15472590848,910,3.0050420550001036,nvml_counter
128,32,False,OK,done,0.0038759595000215086,49381376,0.21660989010989012,9297276032,,15472590848,910,3.0046683089999533,nvml_counter
32,256,False,OK,done,0.0045427490000520265,103669760,0.288925,4723926016,,15472590848,680,3.031890497000063,nvml_counter
400,1,True,OK,done,0.0008314510000104747,24609792,0.06674353741496598,2834553700,,15472590848,2940,3.0085948350000535,nvml_counter
256,29,True,OK,done,0.011656719499967494,217751552,0.7872307692307693,33675333716,,15472590848,260,3.0691700460000675,nvml_counter
512,56,True,OK,done,0.0885183805000338,1478098944,5.767175,260060220896,,15472590848,40,3.5260092760000816,nvml_counter
352,256,True,OK,done,0.27995196000000533,2819719168,17.9757,561958183936,,15472590848,20,5.498547731999906,nvml_counter
384,1,False,OK,done,0.000734996999995019,23822336,0.06391258064516128,2612349284,,15472590848,3100,3.001130554000042,nvml_counter
32,1,False,OK,done,0.0005033150000031128,18763776,0.02567549770290965,18452836,,15472590848,6530,3.0037280550000105,nvml_counter
64,1,False,OK,done,0.0005187364999983402,23969792,0.03741860465116279,72870244,,15472590848,4730,3.000682334000089,nvml_counter
512,32,False,OK,done,0.04505440349998935,784355328,2.9562571428571425,148605840512,,15472590848,70,3.1764499700000215,nvml_counter
256,179,True,OK,done,0.09972874449999836,1236631552,6.645466666666667,207858094316,,15472590848,30,3.0134546169999794,nvml_counter
80,1,True,OK,done,0.0005282145000364835,24052736,0.032744745762711865,113683300,,15472590848,5900,3.003032259000065,nvml_counter
272,64,True,OK,done,0.027895702499961317,451387392,1.8754272727272727,83895441664,,15472590848,110,3.079834089999963,nvml_counter
400,32,True,OK,done,0.029725655500044468,499458048,1.9953999999999998,90705718400,,15472590848,100,3.0143750429999727,nvml_counter
224,8,False,OK,done,0.002694861000009041,41025536,0.17095689655172414,7113050912,,15472590848,1160,3.011734312000044,nvml_counter
64,8,False,OK,done,0.0005067724999889833,17793536,0.033371570247933885,582961952,,15472590848,6050,3.0038292240000146,nvml_counter
272,32,True,OK,done,0.014360315499970966,234201088,0.9487666666666668,41947720832,,15472590848,210,3.0061496470000293,nvml_counter
256,64,False,OK,done,0.024531612499913535,431923200,1.5871384615384616,74317977856,,15472590848,130,3.189559050000071,nvml_counter
64,179,True,OK,done,0.007494024999971316,100938240,0.482715,13043773676,,15472590848,400,3.010867982000036,nvml_counter
128,128,False,OK,done,0.017888627999980145,223518720,1.2122411764705883,37189104128,,15472590848,170,3.068181518000074,nvml_counter
256,32,False,OK,done,0.01224483899994766,223518720,0.7975599999999999,37158988928,,15472590848,250,3.043342781999968,nvml_counter
352,29,True,OK,done,0.021198085499918307,354336768,1.41896,63659325524,,15472590848,150,3.181950865999852,nvml_counter
80,32,True,OK,done,0.0012136044999806472,27656192,0.09556019417475729,3637865600,,15472590848,2060,3.017931562000058,nvml_counter
512,4,False,OK,done,0.006481913000015993,85032960,0.4073612244897959,18575730064,,15472590848,490,3.0319122149999203,nvml_counter
352,2,True,OK,done,0.001374880499952269,30580736,0.11026833333333333,4390298312,,15472590848,1800,3.0165416639999876,nvml_counter
32,128,False,OK,done,0.0022870540000212713,59342848,0.15648425196850393,2361963008,,15472590848,1270,3.007230447999973,nvml_counter
80,128,True,OK,done,0.008838384000114274,90931200,0.5885705882352942,14551462400,,15472590848,340,3.0055150770001546,nvml_counter
256,56,True,OK,done,0.02137979500014353,413048832,1.4259785714285715,65028230624,,15472590848,140,3.0164433649999864,nvml_counter
80,2,True,OK,done,0.0006006415001138521,24283136,0.03536971326164875,227366600,,15472590848,5580,3.002568915999973,nvml_counter
384,16,False,OK,done,0.013524285500125188,227639296,0.8961434782608696,41797588544,,15472590848,230,3.1016710030000922,nvml_counter
80,16,True,OK,done,0.0008854674999838608,20692992,0.057691545189504374,1818932800,,15472590848,3430,3.000519489999988,nvml_counter
352,179,True,OK,done,0.19641619350011297,2060992512,13.01885,392931698924,,15472590848,20,3.931376408999995,nvml_counter
352,128,True,OK,done,0.13525393549991804,1418821632,8.898833333333332,280979091968,,15472590848,30,4.13090936399999,nvml_counter
224,29,True,OK,done,0.00924806149998858,170196992,0.6041454545454545,25784809556,,15472590848,330,3.0508178810000572,nvml_counter
32,29,True,OK,done,0.0006061959999215105,15749120,0.03797542533081285,535132244,,15472590848,5290,3.0036575870001343,nvml_counter
256,128,False,OK,done,0.07070149599996967,848732160,4.659,148635955712,,15472590848,50,3.583557705999965,nvml_counter
400,256,True,OK,done,0.36407622199988054,3883048960,23.962,725645747200,,15472590848,10,3.6450763589998587,nvml_counter
128,8,False,OK,done,0.0008489110000482469,22642688,0.0649016835016835,2324319008,,15472590848,2970,3.0064568360000976,nvml_counter
224,2,False,OK,done,0.0009470364999515368,21308928,0.05060501319261214,1778262728,,15472590848,3790,3.0011273200000232,nvml_counter
80,256,True,OK,done,0.018026979500064044,223707136,1.1747764705882353,29102924800,,15472590848,170,3.054074055000001,nvml_counter
64,16,False,OK,done,0.00054529049998564,19497472,0.03795534351145038,1165923904,,15472590848,5240,3.0050293489998694,nvml_counter
272,29,True,OK,done,0.012973869000006744,225260544,0.8373130434782609,38015122004,,15472590848,230,3.0027213250000386,nvml_counter
80,179,True,OK,done,0.012527595999927144,170356736,0.8335916666666667,20349310700,,15472590848,240,3.0548241770000004,nvml_counter
512,8,False,OK,done,0.01246840149997297,156336128,0.831475,37151460128,,15472590848,240,3.0008192160000817,nvml_counter
32,56,True,OK,done,0.0007269920000680941,17629184,0.05163617571059431,1033358816,,15472590848,3870,3.0050603360000423,nvml_counter
128,56,True,OK,done,0.005653051499962203,76120064,0.36995185185185187,16270233056,,15472590848,540,3.007048212999962,nvml_counter
272,2,True,OK,done,0.0008112484999855951,23822336,0.0645264705882353,2621732552,,15472590848,3060,3.005674515999999,nvml_counter
384,128,False,OK,done,0.15889193999998952,1699840000,10.32245,334380708352,,15472590848,20,3.1822146030001477,nvml_counter
400,8,True,OK,done,0.007908732000146301,102244352,0.512225641025641,22676429600,,15472590848,390,3.0719907509999302,nvml_counter
32,64,False,OK,done,0.000725663500020346,18186240,0.05637352112676056,1180981504,,15472590848,3550,3.000806094000154,nvml_counter
64,2,False,OK,done,0.0005566244999499759,24117248,0.040450104384133614,145740488,,15472590848,4790,3.000655232000099,nvml_counter
512,179,True,OK,done,0.4045159774999547,4508925952,26.6301,831263920364,,15472590848,10,4.042533460999948,nvml_counter
32,8,False,OK,done,0.000574135000078968,19537920,0.03300611111111111,147622688,,15472590848,5400,3.004217421000021,nvml_counter
64,29,True,OK,done,0.0008374555000045802,21807104,0.06072957317073171,2113237076,,15472590848,3280,3.0004167940001025,nvml_counter
128,4,False,OK,done,0.0005578884999977163,19497984,0.03878891050583658,1162159504,,15472590848,5140,3.002860733000034,nvml_counter
272,1,True,OK,done,0.0005160429999477856,19938304,0.04051724845995893,1310866276,,15472590848,4870,3.000385219000009,nvml_counter
512,16,False,OK,done,0.023247988999969493,399734784,1.5372999999999999,74302920256,,15472590848,130,3.0303759989999435,nvml_counter
32,32,False,OK,done,0.0006146429998352687,15958016,0.039206835937500004,590490752,,15472590848,5120,3.0038398159999815,nvml_counter
352,1,True,OK,done,0.0006992195000066204,22535168,0.055752124645892354,2195149156,,15472590848,3530,3.002574846000016,nvml_counter
400,29,True,OK,done,0.02760786049998387,482766848,1.8114454545454544,82202057300,,15472590848,110,3.022117471999991,nvml_counter
384,64,False,OK,done,0.05342586349991052,857407488,3.43505,167190354176,,15472590848,60,3.2088005210000574,nvml_counter
224,32,False,OK,done,0.009902721499997824,174673920,0.66591,28452203648,,15472590848,300,3.0023848400001043,nvml_counter
224,4,False,OK,done,0.0013045844999624023,27377664,0.08848161434977578,3556525456,,15472590848,2230,3.0100934829999915,nvml_counter
400,2,True,OK,done,0.0017881015000966727,35489792,0.13035974025974026,5669107400,,15472590848,1540,3.0143740379999144,nvml_counter
128,179,True,OK,done,0.025767342499989354,321093632,1.7249833333333333,52006637804,,15472590848,120,3.084383664999905,nvml_counter
384,2,False,OK,done,0.001800715000058517,33783808,0.1211478527607362,5224698568,,15472590848,1630,3.0126790720000827,nvml_counter
256,2,False,OK,done,0.0006789784999909898,22906880,0.05760728862973761,2322436808,,15472590848,3430,3.0063325070000246,nvml_counter
512,128,False,OK,done,0.280840347499975,3092348928,18.6272,594423362048,,15472590848,20,5.664998297000011,nvml_counter
272,56,True,OK,done,0.025079986000037024,431923200,1.6642666666666666,73408511456,,15472590848,120,3.0059896620000472,nvml_counter
400,56,True,OK,done,0.053665228499994555,936075264,3.54745,158735007200,,15472590848,60,3.21368491599992,nvml_counter
352,56,True,OK,done,0.04049986849997822,681607168,2.666375,122928352736,,15472590848,80,3.2384404399999767,nvml_counter
128,29,True,OK,done,0.0030254680000325607,46628864,0.19135728155339807,8425656404,,15472590848,1030,3.026292349999949,nvml_counter
224,179,True,OK,done,0.0849926385001254,950431744,5.48665,159154514156,,15472590848,40,3.4188216979998742,nvml_counter
352,32,True,OK,done,0.022948517000031643,366837760,1.5350076923076923,70244772992,,15472590848,130,3.002235894000023,nvml_counter
224,1,False,OK,done,0.000514509999902657,18699776,0.03439860869565217,889131364,,15472590848,5750,3.0013263499999994,nvml_counter
352,16,True,OK,done,0.011695251499986625,191234048,0.79335,35122386496,,15472590848,260,3.0689652000000933,nvml_counter
400,16,True,OK,done,0.015011682500016832,259096576,0.99641,45352859200,,15472590848,200,3.019020982000029,nvml_counter
224,128,False,OK,done,0.05710189100000207,655458304,3.7694166666666664,113808814592,,15472590848,60,3.4368905110000014,nvml_counter
272,8,True,OK,done,0.003844446500011145,53977088,0.24039397590361444,10486930208,,15472590848,830,3.017794211000137,nvml_counter
80,64,True,OK,done,0.0028146795000338898,41582592,0.1773036036036036,7275731200,,15472590848,1110,3.0083994229999007,nvml_counter
512,29,True,OK,done,0.042443865999985064,757092352,2.8303374999999997,134674042964,,15472590848,80,3.402209221000021,nvml_counter
224,256,False,OK,done,0.11867872349989739,1292992512,7.769066666666666,227617629184,,15472590848,30,3.5466849970000567,nvml_counter
256,8,False,OK,done,0.0033244969998804663,49381376,0.21887311827956987,9289747232,,15472590848,930,3.030192912999837,nvml_counter
400,4,True,OK,done,0.003847659500024747,57741312,0.24902375,11338214800,,15472590848,800,3.027647505999994,nvml_counter
128,2,False,OK,done,0.0005407275000379741,17794048,0.03440034904013962,581079752,,15472590848,5730,3.0025721800000156,nvml_counter
80,29,True,OK,done,0.0010813044999622434,26791936,0.08703771929824561,3296815700,,15472590848,2280,3.0115773320001153,nvml_counter
384,256,False,OK,done,0.3215167805000192,3384287232,21.274700000000003,668761416704,,15472590848,10,3.219506851999995,nvml_counter
400,179,True,OK,done,0.25661900300008256,2841688064,16.983449999999998,507385112300,,15472590848,20,5.152358470000081,nvml_counter
32,2,False,OK,done,0.0005182415000035689,18874368,0.033998983739837396,36905672,,15472590848,4920,3.0010988230001203,nvml_counter
224,16,False,OK,done,0.005176904500103774,68780032,0.33245,14226101824,,15472590848,600,3.019493553000075,nvml_counter
64,128,False,OK,done,0.005356709500006218,76644352,0.3469105263157895,9327391232,,15472590848,570,3.043099294000058,nvml_counter
32,4,False,OK,done,0.0005207414999404136,19095552,0.030439279588336195,73811344,,15472590848,5830,3.00554702799991,nvml_counter
64,256,False,OK,done,0.010002630500025589,138272768,0.6679566666666666,18654782464,,15472590848,300,3.054235801999994,nvml_counter
384,56,True,OK,done,0.047897629500084804,815988736,3.2338285714285715,146291559904,,15472590848,70,3.3494832589999533,nvml_counter
384,8,False,OK,done,0.007315906000030736,95125504,0.4749357142857143,20898794272,,15472590848,420,3.019430358000136,nvml_counter
400,64,True,OK,done,0.060794309500124655,983007232,3.9931,181411436800,,15472590848,50,3.0301344460001474,nvml_counter
352,8,True,OK,done,0.006132853500048441,82739200,0.40657551020408167,17561193248,,15472590848,490,3.0074141019999843,nvml_counter
512,1,False,OK,done,0.0012930069999583793,32210944,0.10787717391304348,4643932516,,15472590848,1840,3.0045510140000715,nvml_counter
272,4,True,OK,done,0.0016905174999237715,33853440,0.12114444444444444,5243465104,,15472590848,1620,3.009901314999979,nvml_counter
352,4,True,OK,done,0.003367775500123571,48529408,0.20988191489361702,8780596624,,15472590848,940,3.010873730999947,nvml_counter
272,179,True,OK,done,0.12145496950006418,1290973184,8.002866666666668,234645063404,,15472590848,30,3.6423853549999876,nvml_counter
512,2,False,OK,done,0.0033001494999780334,49381376,0.19679278350515464,9287865032,,15472590848,970,3.008059947999982,nvml_counter
512,256,False,OK,done,0.5643832490000023,6169042944,37.2303,1188846724096,,15472590848,10,5.662102601000015,nvml_counter
64,64,False,OK,done,0.00163289149998036,32210944,0.11153876404494381,4663695616,,15472590848,1780,3.008744224999873,nvml_counter
256,1,False,OK,done,0.0005347535000055359,19499008,0.037078996282527886,1161218404,,15472590848,5380,3.0052957870000228,nvml_counter
256,256,False,OK,done,0.14220526600001904,1683062784,9.534166666666666,297271911424,,15472590848,30,4.3091248030000315,nvml_counter
384,179,True,OK,done,0.2298159020000412,2474541056,14.96105,467610521836,,15472590848,20,4.588797301000113,nvml_counter
64,4,False,OK,done,0.0005561655000292376,24903680,0.03460310880829016,291480976,,15472590848,5790,3.0004377449999993,nvml_counter
352,64,True,OK,done,0.04642896250004469,717586432,3.133585714285714,140489545984,,15472590848,70,3.2462901049998436,nvml_counter
384,32,False,OK,done,0.026811397999949804,436260864,1.7724833333333334,83595177088,,15472590848,120,3.222073195999883,nvml_counter
